{
  "build_id": "d18dac06efe042d98888f08b422a65c2",
  "qc_result": "QC: 32 / 32 PASS",
  "h_name": "Matthew",
  "w_name": "Patricia",
  "h_nick": "Matthew",
  "w_nick": "Patricia",
  "terminal_nw": 6310328.452920796,
  "terminal_pretax_nw": 0.0,
  "terminal_roth_nw": 2920054.3151172223,
  "lifetime_tax": 807033.5558429617,
  "total_roth_conversions": 901934.205537729,
  "mc_success": 0.676,
  "after_tax_terminal_nw": 6310328.452920796,
  "after_tax_terminal_net_worth": 6310328.452920796,
  "terminal_deferred_pretax_tax": 0.0,
  "terminal_deferred_taxable_cap_gain_tax": 7.481704937985705e-13,
  "terminal_taxable_unrealized_gain_est": 1.511455543027415e-11,
  "terminal_taxable_basis_est": 1.511455543027415e-11,
  "terminal_deferred_tax_total": 7.481704937985705e-13,
  "terminal_estate_tax": 493606.59801404073,
  "post_tax_inheritance": 5816721.8549067555,
  "validation_fail_count": 0,
  "validation_warn_count": 0,
  "validation_first_fail": null
}